-- ============================================================================
-- 电商售后智能 Agent 平台 - 测试数据初始化脚本
--
-- 包含：用户、商品、SKU、库存、订单、支付记录、售后政策、FAQ、RAG 评估集
-- ============================================================================

USE after_sales_agent;

-- ============================================================================
-- 1. 用户数据
-- 密码均为 123456 的 MD5 哈希 (e10adc3949ba59abbe56e057f20f883e)
-- ============================================================================
INSERT INTO user_account (id, username, password_hash, role, phone, email, status, created_at, updated_at) VALUES
(10001, 'user1',     'e10adc3949ba59abbe56e057f20f883e', 'USER',             '13800010001', 'user1@test.com',    'ACTIVE', NOW(), NOW()),
(10002, 'user2',     'e10adc3949ba59abbe56e057f20f883e', 'USER',             '13800010002', 'user2@test.com',    'ACTIVE', NOW(), NOW()),
(20001, 'cs_agent1', 'e10adc3949ba59abbe56e057f20f883e', 'CUSTOMER_SERVICE', '13800020001', 'cs1@aftersales.com', 'ACTIVE', NOW(), NOW()),
(20002, 'cs_agent2', 'e10adc3949ba59abbe56e057f20f883e', 'CUSTOMER_SERVICE', '13800020002', 'cs2@aftersales.com', 'ACTIVE', NOW(), NOW()),
(30001, 'admin1',    'e10adc3949ba59abbe56e057f20f883e', 'ADMIN',            '13800030001', 'admin@aftersales.com','ACTIVE', NOW(), NOW());

-- ============================================================================
-- 2. 商品数据
-- ============================================================================
INSERT INTO product (id, product_name, category_id, brand_name, status, created_at, updated_at) VALUES
(1, '蓝牙无线耳机 Pro',         101, 'SoundMax',  'ON_SALE', NOW(), NOW()),
(2, '快充数据线 Type-C',        102, 'ChargeX',   'ON_SALE', NOW(), NOW()),
(3, '手机壳 防摔透明款',        103, 'CaseMate',  'ON_SALE', NOW(), NOW()),
(4, '便携移动电源 10000mAh',    104, 'PowerUp',   'ON_SALE', NOW(), NOW()),
(5, '智能手表 运动版',          105, 'TechWear',  'ON_SALE', NOW(), NOW());

-- ============================================================================
-- 3. SKU 数据
-- ============================================================================
INSERT INTO sku (id, product_id, sku_code, sku_name, sale_price, status, created_at, updated_at) VALUES
(10, 1, 'BT-001-BLK', '蓝牙无线耳机 Pro 黑色', 199.00, 'ON_SALE', NOW(), NOW()),
(11, 1, 'BT-001-WHT', '蓝牙无线耳机 Pro 白色', 199.00, 'ON_SALE', NOW(), NOW()),
(20, 2, 'CB-002-1M',  '快充数据线 Type-C 1米',  29.00, 'ON_SALE', NOW(), NOW()),
(30, 3, 'CS-003-TP',  '手机壳 防摔透明款',      39.00, 'ON_SALE', NOW(), NOW()),
(40, 4, 'PB-004-10K', '便携移动电源 10000mAh',  99.00, 'ON_SALE', NOW(), NOW()),
(50, 5, 'TW-005-BLK', '智能手表 运动版 黑色',   599.00, 'ON_SALE', NOW(), NOW());

-- ============================================================================
-- 4. SKU 库存数据
-- ============================================================================
INSERT INTO sku_stock (id, sku_id, total_stock, available_stock, sold_stock, version, created_at, updated_at) VALUES
(1, 10, 500, 480, 20, 0, NOW(), NOW()),
(2, 11, 300, 295,  5, 0, NOW(), NOW()),
(3, 20, 1000, 950, 50, 0, NOW(), NOW()),
(4, 30, 200, 180, 20, 0, NOW(), NOW()),
(5, 40, 400, 380, 20, 0, NOW(), NOW()),
(6, 50, 150, 145,  5, 0, NOW(), NOW());

-- ============================================================================
-- 5. 订单数据
-- ============================================================================
INSERT INTO trade_order (id, order_no, user_id, order_status, total_amount, discount_amount, paid_amount, paid_at, shipped_at, finished_at, closed_at, created_at, updated_at) VALUES
(1001, 'O202605010001', 10001, 'DELIVERED', 238.00, 0, 238.00, '2026-05-01 10:30:00', '2026-05-01 14:00:00', '2026-05-03 10:00:00', NULL, '2026-05-01 10:00:00', NOW()),
(1002, 'O202605050001', 10001, 'DELIVERED', 599.00, 0, 599.00, '2026-05-05 09:00:00', '2026-05-05 11:00:00', '2026-05-07 16:00:00', NULL, '2026-05-05 08:30:00', NOW()),
(1003, 'O202605080001', 10002, 'SHIPPED',   99.00, 0,  99.00, '2026-05-08 12:00:00', '2026-05-08 15:00:00', NULL, NULL, '2026-05-08 11:00:00', NOW()),
(1004, 'O202605100001', 10001, 'PAID',      39.00, 0,  39.00, '2026-05-10 08:00:00', NULL, NULL, NULL, '2026-05-10 07:30:00', NOW());

-- ============================================================================
-- 6. 订单项数据
-- ============================================================================
INSERT INTO trade_order_item (id, order_id, order_no, product_id, sku_id, product_name, sku_name, quantity, unit_price, paid_amount, refundable_amount, after_sales_status, created_at, updated_at) VALUES
(10001, 1001, 'O202605010001', 1, 10, '蓝牙无线耳机 Pro',        '蓝牙无线耳机 Pro 黑色', 1, 199.00, 199.00, 199.00, 'NONE', NOW(), NOW()),
(10002, 1001, 'O202605010001', 3, 30, '手机壳 防摔透明款',       '手机壳 防摔透明款',     1,  39.00,  39.00,  39.00, 'NONE', NOW(), NOW()),
(10003, 1002, 'O202605050001', 5, 50, '智能手表 运动版',          '智能手表 运动版 黑色',  1, 599.00, 599.00, 599.00, 'NONE', NOW(), NOW()),
(10004, 1003, 'O202605080001', 4, 40, '便携移动电源 10000mAh',   '便携移动电源 10000mAh', 1,  99.00,  99.00,  99.00, 'NONE', NOW(), NOW()),
(10005, 1004, 'O202605100001', 3, 30, '手机壳 防摔透明款',       '手机壳 防摔透明款',     1,  39.00,  39.00,  39.00, 'NONE', NOW(), NOW());

-- ============================================================================
-- 7. 支付记录数据
-- ============================================================================
INSERT INTO payment_record (id, payment_no, order_id, order_no, user_id, pay_channel, pay_amount, pay_status, paid_at, created_at, updated_at) VALUES
(2001, 'PAY202605010001', 1001, 'O202605010001', 10001, 'WECHAT', 238.00, 'SUCCESS', '2026-05-01 10:30:00', NOW(), NOW()),
(2002, 'PAY202605050001', 1002, 'O202605050001', 10001, 'ALIPAY', 599.00, 'SUCCESS', '2026-05-05 09:00:00', NOW(), NOW()),
(2003, 'PAY202605080001', 1003, 'O202605080001', 10002, 'WECHAT',  99.00, 'SUCCESS', '2026-05-08 12:00:00', NOW(), NOW()),
(2004, 'PAY202605100001', 1004, 'O202605100001', 10001, 'WECHAT',  39.00, 'SUCCESS', '2026-05-10 08:00:00', NOW(), NOW());

-- ============================================================================
-- 8. 售后政策知识文档
-- ============================================================================
INSERT INTO knowledge_doc (id, doc_no, doc_type, title, source_type, source_id, content, status, version, created_at, updated_at) VALUES
(1001, 'POLICY_RETURN_001', 'POLICY', '7天无理由退货政策', 'MANUAL_ENTRY', NULL,
 '用户签收商品后 7 天内，在商品未经使用、包装完好、配件齐全的前提下，可以申请无理由退货退款。退货产生的物流费用由用户承担，但若商品存在质量问题，则物流费用由商家承担。退货退款金额以订单实付金额为上限，退款方式原路返回。',
 'ACTIVE', 1, NOW(), NOW()),

(1002, 'POLICY_QUALITY_001', 'POLICY', '质量问题退货退款政策', 'MANUAL_ENTRY', NULL,
 '商品存在质量缺陷、功能异常、描述不符等质量问题时，用户可在签收后 15 天内申请退货退款或换货。质量问题需提供有效凭证（照片或视频），客服审核通过后，退货物流费用由商家承担。退款金额为问题商品对应的实付金额。如用户选择换货，商家在收到退回商品确认无误后安排发货。',
 'ACTIVE', 1, NOW(), NOW()),

(1003, 'POLICY_COMPENSATION_001', 'POLICY', '延迟发货补偿政策', 'MANUAL_ENTRY', NULL,
 '订单承诺发货时间超过 48 小时未发货的，用户可申请延迟发货补偿。补偿形式为优惠券或积分，补偿金额根据订单金额比例计算，单笔补偿上限为实付金额的 10%。补偿发放成功后不可撤回。',
 'ACTIVE', 1, NOW(), NOW());

-- ============================================================================
-- 9. FAQ 知识文档
-- ============================================================================
INSERT INTO knowledge_doc (id, doc_no, doc_type, title, source_type, source_id, content, status, version, created_at, updated_at) VALUES
(2001, 'FAQ_AFTER_SALES_001', 'FAQ', '售后申请常见问题', 'MANUAL_ENTRY', NULL,
 'Q: 怎么申请售后？A: 在订单详情页找到需要售后的商品，点击"申请售后"按钮，选择售后类型（仅退款/退货退款/换货/补偿），填写原因说明并上传凭证后提交。\nQ: 售后需要多长时间？A: 一般售后申请提交后客服会在 24 小时内审核，审核通过后按售后类型进入后续流程。\nQ: 售后申请被拒绝还能再申请吗？A: 可以重新提交，但建议先看拒绝原因，针对性地补充凭证或说明。',
 'ACTIVE', 1, NOW(), NOW());

-- ============================================================================
-- 10. 客服处理手册知识文档
-- ============================================================================
INSERT INTO knowledge_doc (id, doc_no, doc_type, title, source_type, source_id, content, status, version, created_at, updated_at) VALUES
(3001, 'MANUAL_REVIEW_001', 'MANUAL', '客服售后审核手册', 'MANUAL_ENTRY', NULL,
 '审核要点：1. 核实订单是否在售后期内；2. 检查用户上传的凭证是否清晰有效；3. 判断售后类型是否与实际问题匹配；4. 核对申请金额是否不超过可退金额；5. 检查该订单项是否已有售后处理中。\n审核通过条件：所有校验项通过后，按售后类型执行对应的后续流程。仅退款直接进入退款处理；退货退款需要用户先寄回商品；换货需要检查库存后锁定；补偿需要按补偿类型调用对应发放系统。',
 'ACTIVE', 1, NOW(), NOW());

-- ============================================================================
-- 11. RAG 评估数据集
-- ============================================================================
INSERT INTO rag_eval_dataset (id, question, expected_doc_nos, tags, enabled, created_at, updated_at) VALUES
(1,  '签收超过 7 天还能退货退款吗？',                'POLICY_RETURN_001,POLICY_QUALITY_001', '退货政策', 1, NOW(), NOW()),
(2,  '商品质量有问题怎么处理？',                      'POLICY_QUALITY_001,FAQ_AFTER_SALES_001', '质量问题', 1, NOW(), NOW()),
(3,  '退货退款需要上传什么凭证？',                    'FAQ_AFTER_SALES_001,MANUAL_REVIEW_001', '凭证', 1, NOW(), NOW()),
(4,  '发货延迟有没有补偿？',                          'POLICY_COMPENSATION_001', '补偿', 1, NOW(), NOW()),
(5,  '客服审核退货退款的标准是什么？',                 'MANUAL_REVIEW_001,FAQ_AFTER_SALES_001', '审核', 1, NOW(), NOW()),
(6,  '无理由退货的物流费谁出？',                       'POLICY_RETURN_001', '物流', 1, NOW(), NOW()),
(7,  '退款是按什么金额退的？',                        'POLICY_RETURN_001,FAQ_AFTER_SALES_001', '退款', 1, NOW(), NOW()),
(8,  '补偿有哪些类型？',                               'POLICY_COMPENSATION_001', '补偿类型', 1, NOW(), NOW()),
(9,  '换货需要满足什么条件？',                        'POLICY_QUALITY_001,FAQ_AFTER_SALES_001', '换货', 1, NOW(), NOW()),
(10, '售后申请被拒绝了怎么办？',                       'FAQ_AFTER_SALES_001', '拒绝', 1, NOW(), NOW());
